{
	 "rootnode": {
		 "name": "RootNode"
		,"transformation": [
			 1
			,0
			,0
			,0
			,0
			,1
			,0
			,0
			,0
			,0
			,1
			,0
			,0
			,0
			,0
			,1
		]
		,"children": [
			{
				 "name": "Cube"
				,"transformation": [
					 100
					,0
					,0
					,0
					,0
					,-1.62921e-005
					,100
					,0
					,0
					,-100
					,-1.62921e-005
					,0
					,0
					,0
					,0
					,1
				]
				,"meshes": [
					 0
				]
			}
		]
	}
	,"flags": 8
	,"meshes": [
		{
			 "name": "Cube"
			,"materialindex": 0
			,"primitivetypes": 4
			,"vertices": [
				 0.183457
				,-0.118024
				,0.97189
				,0.183457
				,-0.0169637
				,0.97189
				,0.0463503
				,0.0841551
				,2.10655
				,0.0193631
				,0.0280733
				,3.14054
				,0.0193631
				,-0.0729872
				,3.14054
				,0.0463503
				,-0.0169055
				,2.10655
				,0.330991
				,-0.0486539
				,-0.0736003
				,0.183457
				,-0.118024
				,0.97189
				,-0.237672
				,-0.118024
				,1.68547
				,-0.333363
				,-0.0486539
				,-0.0736003
				,-0.333363
				,-0.0486539
				,-0.0736003
				,-0.237672
				,-0.118024
				,1.68547
				,-0.237672
				,-0.0169637
				,1.68547
				,-0.333363
				,0.0524066
				,-0.0736003
				,-0.333363
				,0.0524066
				,-0.0736003
				,0.330991
				,0.0524066
				,-0.0736003
				,0.330991
				,-0.0486539
				,-0.0736003
				,-0.333363
				,-0.0486539
				,-0.0736003
				,0.330991
				,0.0524066
				,-0.0736003
				,0.183457
				,-0.0169637
				,0.97189
				,0.183457
				,-0.118024
				,0.97189
				,0.330991
				,-0.0486539
				,-0.0736003
				,-0.333363
				,0.0524066
				,-0.0736003
				,-0.237672
				,-0.0169637
				,1.68547
				,0.183457
				,-0.0169637
				,0.97189
				,0.330991
				,0.0524066
				,-0.0736003
				,0.183457
				,-0.0169637
				,0.97189
				,-0.237672
				,-0.0169637
				,1.68547
				,-0.111552
				,0.0841551
				,2.64039
				,-0.0719005
				,0.0524066
				,3.55383
				,0.0193631
				,0.0280733
				,3.14054
				,0.0463503
				,0.0841551
				,2.10655
				,-0.237672
				,-0.118024
				,1.68547
				,0.183457
				,-0.118024
				,0.97189
				,0.0463503
				,-0.0169055
				,2.10655
				,0.0193631
				,-0.0729872
				,3.14054
				,-0.0719005
				,-0.0486539
				,3.55517
				,-0.111552
				,-0.0169055
				,2.64039
				,-0.237672
				,-0.0169637
				,1.68547
				,-0.237672
				,-0.118024
				,1.68547
				,-0.111552
				,-0.0169055
				,2.64039
				,-0.111552
				,0.0841551
				,2.64039
				,-0.0719005
				,-0.0486539
				,3.55517
				,-0.0719005
				,0.0524066
				,3.55383
				,-0.111552
				,0.0841551
				,2.64039
				,-0.111552
				,-0.0169055
				,2.64039
				,0.0193631
				,-0.0729872
				,3.14054
				,0.0193631
				,0.0280733
				,3.14054
				,-0.0719005
				,0.0524066
				,3.55383
				,-0.0719005
				,-0.0486539
				,3.55517
			]
			,"normals": [
				 0.99715
				,0
				,0.0754505
				,0.99715
				,0
				,0.0754505
				,0.99715
				,0
				,0.0754505
				,0.99715
				,0
				,0.0754505
				,0.99715
				,0
				,0.0754505
				,0.99715
				,0
				,0.0754505
				,-0.0328618
				,-0.998209
				,-0.0499884
				,-0.0328618
				,-0.998209
				,-0.0499884
				,-0.0328618
				,-0.998209
				,-0.0499884
				,-0.0328618
				,-0.998209
				,-0.0499884
				,-0.998524
				,0
				,0.0543178
				,-0.998524
				,0
				,0.0543178
				,-0.998524
				,0
				,0.0543178
				,-0.998524
				,0
				,0.0543178
				,0
				,0
				,-1
				,0
				,0
				,-1
				,0
				,0
				,-1
				,0
				,0
				,-1
				,0.99019
				,0
				,0.13973
				,0.99019
				,0
				,0.13973
				,0.99019
				,0
				,0.13973
				,0.99019
				,0
				,0.13973
				,0.0328618
				,0.998209
				,0.0499884
				,0.0328618
				,0.998209
				,0.0499884
				,0.0328618
				,0.998209
				,0.0499884
				,0.0328618
				,0.998209
				,0.0499884
				,-0.0715679
				,0.995853
				,-0.0561749
				,-0.0715679
				,0.995853
				,-0.0561749
				,-0.0715679
				,0.995853
				,-0.0561749
				,-0.0715679
				,0.995853
				,-0.0561749
				,-0.0715679
				,0.995853
				,-0.0561749
				,-0.0715679
				,0.995853
				,-0.0561749
				,0.0714656
				,-0.995861
				,0.0561638
				,0.0714656
				,-0.995861
				,0.0561638
				,0.0714656
				,-0.995861
				,0.0561638
				,0.0714656
				,-0.995861
				,0.0561638
				,0.0714656
				,-0.995861
				,0.0561638
				,0.0714656
				,-0.995861
				,0.0561638
				,-0.991391
				,0
				,0.130938
				,-0.991391
				,0
				,0.130938
				,-0.991391
				,0
				,0.130938
				,-0.991391
				,0
				,0.130938
				,-0.99906
				,0.000286671
				,0.0433463
				,-0.99906
				,0.000286671
				,0.0433463
				,-0.99906
				,0.000286671
				,0.0433463
				,-0.99906
				,0.000286671
				,0.0433463
				,0.976566
				,0.00142317
				,0.215215
				,0.976566
				,0.00142317
				,0.215215
				,0.976566
				,0.00142317
				,0.215215
				,0.976566
				,0.00142317
				,0.215215
			]
			,"tangents": [
				 0.0751564
				,-0.0882181
				,-0.993262
				,0.0751564
				,-0.0882181
				,-0.993262
				,0.0753396
				,0.054206
				,-0.995684
				,0.0753396
				,0.054206
				,-0.995684
				,0.0753396
				,0.054206
				,-0.995684
				,0.0753396
				,0.054206
				,-0.995684
				,0.0538729
				,-0.0517118
				,0.997208
				,-0.138781
				,-0.0449736
				,0.989301
				,0.0538729
				,-0.0517118
				,0.997208
				,0.0538729
				,-0.0517118
				,0.997208
				,0.0542757
				,-0.039347
				,0.99775
				,0.0542757
				,-0.039347
				,0.99775
				,0.0542757
				,-0.039347
				,0.99775
				,0.0542757
				,-0.039347
				,0.99775
				,1
				,0
				,0
				,1
				,0
				,0
				,1
				,0
				,0
				,1
				,0
				,0
				,-0.13943
				,-0.0655596
				,0.988059
				,-0.13943
				,-0.0655596
				,0.988059
				,-0.13943
				,-0.0655596
				,0.988059
				,-0.13943
				,-0.0655596
				,0.988059
				,-0.138781
				,-0.0449736
				,0.989301
				,0.0538729
				,-0.0517118
				,0.997208
				,-0.138781
				,-0.0449736
				,0.989301
				,-0.138781
				,-0.0449736
				,0.989301
				,0.116675
				,-0.0475743
				,-0.99203
				,-0.133135
				,-0.0653529
				,-0.988941
				,0.0391526
				,-0.0534711
				,-0.997802
				,0.0339904
				,-0.0538516
				,-0.99797
				,0.0339904
				,-0.0538516
				,-0.99797
				,0.0339904
				,-0.0538516
				,-0.99797
				,-0.133133
				,-0.0653276
				,-0.988943
				,0.116679
				,-0.0475745
				,-0.99203
				,0.0339787
				,-0.0538444
				,-0.997971
				,0.0430774
				,-0.0531737
				,-0.997656
				,0.0430774
				,-0.0531737
				,-0.997656
				,0.0430774
				,-0.0531737
				,-0.997656
				,-0.130222
				,-0.104408
				,-0.985972
				,-0.130222
				,-0.104408
				,-0.985972
				,-0.130222
				,-0.104408
				,-0.985972
				,-0.130222
				,-0.104408
				,-0.985972
				,-0.0398395
				,0.387995
				,-0.9208
				,0.0433432
				,-0.00709337
				,0.999035
				,-0.0398395
				,0.387995
				,-0.9208
				,-0.0398395
				,0.387995
				,-0.9208
				,0.213921
				,-0.116124
				,-0.969924
				,0.214718
				,0.0617763
				,-0.97472
				,0.213921
				,-0.116124
				,-0.969924
				,0.213921
				,-0.116124
				,-0.969924
			]
			,